nome,sobrenome,cpf
Alícia,"Andrade ",444.432.476-70
Vicente,Boaventura,733.311.946-70
Emanuel,Costa,216.075.983-02
Pablo,Neves,606.113.827-09
Levi,Moraes,577.742.868-10
Yara,Leão,549.738.519-22
"Maria Alice",Oliveira,123.325.722-60
Gabriel,Guimarães,664.947.715-05
Wilian,Amaral,517.548.769-86
Victor,Vasconcelos,523.380.716-54
"Davi Lucca",Ribeiro,917.147.509-57
Kelvin,Freitas,052.673.818-96
Maurício,Maia,895.039.559-20
Giovanna,Nogueira,251.765.931-14
Raul,Duarte,735.896.237-05
Flôr,Fernandes,191.898.284-88
Eduardo,Reis,250.102.743-45
Eduarda,Silva,927.533.566-45
Mateus,Frias,603.017.711-70
Lara,Sampaio,839.784.601-81
Letícia,Cavalcante,688.771.770-04
Adriano,Martins,593.552.378-71
Camila,Pinheiro,284.875.689-63
Beatriz,Morais,918.342.933-67
Eduarda,Duarte,909.253.648-27
Olívia,Medeiros,066.010.751-16
Victor,Santana,334.033.149-95
Aarão,Frota,293.695.125-94
Paulo,Pereira,705.542.658-85
"Davi Lucas",Rodrigues,279.424.319-59
Yara,Barreto,149.663.762-38
Lorenzo,Bernardes,342.564.421-11
David,Moreira,701.381.553-56
Abigail,Ferrari,062.053.938-08
"Maria Luiza",Medeiros,943.691.755-42
Ana,"De Novais",257.884.125-01
Gabriel,Maia,872.903.415-97
Levi,Chaves,842.415.768-00
Eduarda,Costa,850.602.411-06
Beatriz,Novaes,481.150.870-09
Bernardo,Campos,916.306.185-60
Karen,Paiva,473.770.193-95
Milene,Carvalho,788.070.525-20
Lis,Barreto,147.839.901-58
Júlia,Barreto,289.726.771-24
Cristiano,Oliveira,507.206.253-86
Fernando,Ribeiro,816.790.355-92
Clarissa,Novaes,550.467.659-26
"Maria Alice",Vasconcelos,121.181.525-07
Sabrina,Gonçalves,705.661.591-04
Heitor,Marques,181.617.880-22
Yara,Novaes,619.956.682-30
César,Costa,285.628.987-83
"Davi Lucca",Guimarães,834.886.368-01
Felipe,Lacerda,651.544.044-83
Carolina,Lessa,319.728.553-01
Joaquim,Dias,599.667.795-40
Catarina,Moraes,564.847.435-09
Mateus,Sampaio,070.347.511-88
Bryan,Gomes,303.041.850-27
Benício,Duarte,277.355.087-00
Bryan,Martins,970.274.596-98
Débora,Santana,429.584.937-50
Micaela,Paes,328.046.324-66
Heitor,Costa,237.000.450-93
Isadora,Gabril,690.897.118-05
Rafaela,Freitas,095.263.374-41
Ester,Nogueira,641.982.969-01
Emanuel,Santos,210.779.548-75
Helena,Junqueira,881.315.701-00
Maitê,Freitas,153.945.169-01
Vinicius,Martins,692.303.956-84
Nicolas,Medeiros,014.446.348-28
Felipe,Bernardes,383.762.467-63
Olívia,Campos,186.094.438-84
Emanuel,Rocha,921.578.118-85
"Pedro Henrique",Xavier,751.712.668-75
Pietro,Menezes,406.330.467-10
Filipe,Maia,713.124.810-05
Bryan,Lima,792.209.013-74
Isa,Neves,651.031.277-84
Rafael,Amaral,572.349.140-72
Victor,"Andrade ",481.061.607-00
Thiago,Bernardes,918.340.031-13
Carolina,Leão,964.428.919-68
Filipe,Santos,553.572.259-66
Philips,Reis,816.374.369-71
Daniel,Boaventura,056.461.146-83
Leandro,"Andrade ",988.123.516-20
Alessandra,Garcia,223.673.080-20
Benjamim,Barreto,874.428.494-23
Anita,Lacerda,317.450.758-87
Murilo,"De Novais",011.491.144-44
Fabrício,Oliveira,014.058.735-74
Paloma,Moraes,561.141.864-35
Fernanda,Morais,781.442.980-39
Camila,Alves,142.412.668-19
Joana,Campos,535.953.135-50
"Maria Eduarda",Lacerda,956.186.595-57
"João Lucas",Paiva,831.012.150-48
Raul,Araújo,386.055.540-53
Carol,Leão,805.116.413-03
Iara,Barreto,578.059.977-72
Lara,Araújo,617.386.194-19
Davi,Alves,711.544.300-90
Ingrid,Rocha,393.501.891-60
Octávio,Garcia,506.444.582-24
Anabela,Mello,766.186.742-71
João,Leão,777.426.567-87
Tomás,Gabril,733.092.023-13
Miguel,Lacerda,437.668.200-44
Paola,Paes,121.749.569-00
Igor,Carvalho,537.115.249-07
Nicolas,Vasconcelos,237.264.519-60
Letícia,Souza,640.464.444-44
"Maria Eduarda",Ribeiro,123.132.155-55
Lívia,Menezes,244.033.222-47
Michael,Neves,372.118.261-85
"João Miguel",Cavalcante,740.757.794-32
Lara,Barcellos,642.340.185-38
Mariana,Oliveira,734.392.516-40
Theo,Fernandes,711.722.232-89
Joaquim,Vasconcelos,432.573.339-60
Samuel,Garcia,098.990.288-94
Antônio,Duarte,619.513.521-65
Luana,"De Oliveira",372.500.564-84
Marina,Menezzes,728.547.919-59
Heitor,Maia,390.776.590-72
Eduardo,Silva,721.743.741-53
Marina,Paiva,796.497.512-97
Isa,Camargo,565.974.070-75
Maísa,Garcia,105.977.710-06
Fabrício,Moreira,865.153.946-08
Maísa,"De Novais",919.283.751-46
"João Lucas",Martinez,456.944.406-76
Enzo,Alencar,612.198.479-17
Kelvin,Martinele,781.409.701-07
"Maria Clara",Suarez,316.454.542-82
Octávio,Martinez,033.611.179-76
Gustavo,Lacerda,218.849.637-06
Isadora,Garcia,172.289.051-72
Lívia,Medeiros,055.659.021-00
Fernanda,Menezzes,078.459.186-52
Lorena,Paris,363.377.874-80
"João Miguel",Oliveira,421.130.470-47
Alícia,Paris,994.636.077-22
Agnes,Silva,155.522.801-13
Filipe,Maximus,841.746.769-68
Sophia,Silva,156.151.148-00
Micaela,Oliveira,879.951.642-03
Caio,Maximus,783.923.561-10
Paola,Santos,263.378.228-03
Fernando,Monteiro,311.426.618-57
Lorenzo,Gabril,851.204.979-00
Valentina,Xavier,644.766.964-30
Rafaela,Campos,604.705.934-15
"Davi Lucas",Rodrigues,636.318.920-98
Júlia,Martinele,582.545.993-60
Fábio,,792.209.207-51
Isis,Camargo,676.262.402-27
Ana,Silva,152.365.492-99
Carolina,Moraes,735.785.466-31
Abraão,Reis,209.401.611-09
Angelina,Oliveira,115.141.347-05
Ana,Galisteu,211.414.397-00
Emanuel,Martins,033.944.488-66
Ezequiel,Moraes,684.572.901-85
Hugo,Alencar,830.163.155-48
Martim,"De Oliveira",213.799.384-81
Melinda,,874.129.967-11
Clara,Lima,852.465.451-13
Leandro,Suarez,333.631.333-32
Beatriz,Guimarães,194.867.231-68
Isaac,Martinez,132.589.290-41
Pablo,Albuquerque,940.422.571-19
Júlio,Reis,698.917.310-65
Alexandre,Reis,410.279.633-90
Íris,Rodrigues,184.230.554-93
Matheus,Vasconcelos,468.426.859-40
Sabrina,Menezes,347.349.744-46
Sabrina,Barreto,345.321.830-22
Dulce,,821.899.932-96
"João Miguel",Pereira,269.960.093-83
Luana,Menezes,556.460.872-01
Murilo,Reis,859.447.431-82
Milene,Moraes,774.912.277-08
Gustavo,Guimarães,061.032.464-07
"Enzo Gabriel",Alencar,936.567.160-48
Eduardo,Figueira,573.173.975-71
Larissa,Guimarães,710.865.212-93
Aquiles,Menezzes,828.553.834-63
Heitor,Medeiros,590.624.189-29
Oliveira,Martinez,482.890.705-00
Gabriela,Alves,102.910.284-89
Samuel,Rodrigues,832.512.053-31
Abraão,Martins,902.196.784-72
Anabela,Pereira,223.104.934-14
Guilherme,Martinele,522.173.639-05
Dulce,Vasconcelos,394.496.737-21
Abraão,Barcellos,958.183.700-03
